{"data/waymo/training_and_validation/segment-1005081002024129653_5313_150_5333_150_with_camera_labels.tfrecord": {"1": 13.868199999999453, "2": 1.4011999999999099, "4": 0.0}, "data/waymo/training_and_validation/segment-10963653239323173269_1924_000_1944_000_with_camera_labels.tfrecord": {"1": 29.953700000000833, "2": 4.401900000000029, "4": 0.0}, "data/waymo/training_and_validation/segment-11017034898130016754_697_830_717_830_with_camera_labels.tfrecord": {"1": 8.305900000000362, "2": 0.249600000000002, "4": 0.45109999999996664}, "data/waymo/training_and_validation/segment-12179768245749640056_5561_070_5581_070_with_camera_labels.tfrecord": {"1": 11.169200000000192, "2": 0.6958999999999793, "4": 0.0}, "data/waymo/training_and_validation/segment-10096619443888687526_2820_000_2840_000_with_camera_labels.tfrecord": {"1": 3.5555999999999375, "2": 0.0, "4": 0.0}, "data/waymo/training_and_validation/segment-10500357041547037089_1474_800_1494_800_with_camera_labels.tfrecord": {"1": 26.299300000003587, "2": 0.9999999999999062, "4": 0.0}, "data/waymo/training_and_validation/segment-10770759614217273359_1465_000_1485_000_with_camera_labels.tfrecord": {"1": 31.196599999999364, "2": 0.0, "4": 0.0}, "data/waymo/training_and_validation/segment-11388947676680954806_5427_320_5447_320_with_camera_labels.tfrecord": {"1": 25.700100000002458, "2": 6.101000000000338, "4": 0.0}, "data/waymo/training_and_validation/segment-11199484219241918646_2810_030_2830_030_with_camera_labels.tfrecord": {"1": 12.029099999999167, "2": 0.0, "4": 1.305199999999923}, "data/waymo/training_and_validation/segment-10072140764565668044_4060_000_4080_000_with_camera_labels.tfrecord": {"1": 50.52069999999757, "2": 6.096900000000605, "4": 0.0}, "data/waymo/training_and_validation/segment-1051897962568538022_238_170_258_170_with_camera_labels.tfrecord": {"1": 15.290400000000357, "2": 0.7986999999999387, "4": 0.0}, "data/waymo/training_and_validation/segment-10940952441434390507_1888_710_1908_710_with_camera_labels.tfrecord": {"1": 7.387899999999525, "2": 0.0, "4": 0.0}, "data/waymo/training_and_validation/segment-10964956617027590844_1584_680_1604_680_with_camera_labels.tfrecord": {"1": 2.104899999999874, "2": 0.5007999999999775, "4": 0.6997999999999392}, "data/waymo/training_and_validation/segment-11060291335850384275_3761_210_3781_210_with_camera_labels.tfrecord": {"1": 6.277700000000039, "2": 0.19769999999999455, "4": 0.0}, "data/waymo/training_and_validation/segment-10676267326664322837_311_180_331_180_with_camera_labels.tfrecord": {"1": 12.533599999999737, "2": 0.1981999999999945, "4": 0.09980000000000183}, "data/waymo/training_and_validation/segment-10588771936253546636_2300_000_2320_000_with_camera_labels.tfrecord": {"1": 21.453600000000776, "2": 2.298699999999945, "4": 0.0}, "data/waymo/training_and_validation/segment-1191788760630624072_3880_000_3900_000_with_camera_labels.tfrecord": {"1": 18.753999999997834, "2": 0.0, "4": 0.0}, "data/waymo/training_and_validation/segment-1208303279778032257_1360_000_1380_000_with_camera_labels.tfrecord": {"1": 9.601600000000234, "2": 0.0, "4": 0.0}, "data/waymo/training_and_validation/segment-11343624116265195592_5910_530_5930_530_with_camera_labels.tfrecord": {"1": 20.94879999999912, "2": 0.8994999999999173, "4": 0.0}, "data/waymo/training_and_validation/segment-10327752107000040525_1120_000_1140_000_with_camera_labels.tfrecord": {"1": 11.845300000000742, "2": 0.0, "4": 0.0}, "data/waymo/training_and_validation/segment-11566385337103696871_5740_000_5760_000_with_camera_labels.tfrecord": {"1": 12.700900000000786, "2": 0.0, "4": 0.0}, "data/waymo/training_and_validation/segment-10498013744573185290_1240_000_1260_000_with_camera_labels.tfrecord": {"1": 17.03889999999997, "2": 15.318299999998699, "4": 0.20049999999999424}, "data/waymo/training_and_validation/segment-11076364019363412893_1711_000_1731_000_with_camera_labels.tfrecord": {"1": 5.9605000000002075, "2": 0.0, "4": 0.0}, "data/waymo/training_and_validation/segment-11139647661584646830_5470_000_5490_000_with_camera_labels.tfrecord": {"1": 4.106600000000315, "2": 0.0, "4": 0.0}, "data/waymo/training_and_validation/segment-12161824480686739258_1813_380_1833_380_with_camera_labels.tfrecord": {"1": 24.48639999999888, "2": 0.45089999999996666, "4": 0.9999999999999062}, "data/waymo/training_and_validation/segment-1083056852838271990_4080_000_4100_000_with_camera_labels.tfrecord": {"1": 18.757300000000182, "2": 0.6023999999999528, "4": 0.0}, "data/waymo/training_and_validation/segment-1146261869236413282_1680_000_1700_000_with_camera_labels.tfrecord": {"1": 20.790700000000456, "2": 9.957799999999676, "4": 0.6469999999999451}, "data/waymo/training_and_validation/segment-11971497357570544465_1200_000_1220_000_with_camera_labels.tfrecord": {"1": 29.221600000002244, "2": 10.439799999998996, "4": 0.0}, "data/waymo/training_and_validation/segment-10625026498155904401_200_000_220_000_with_camera_labels.tfrecord": {"1": 45.275499999998665, "2": 0.8962999999999322, "4": 0.0}, "data/waymo/training_and_validation/segment-10231929575853664160_1160_000_1180_000_with_camera_labels.tfrecord": {"1": 30.311999999997976, "2": 9.385899999999952, "4": 0.1499999999999998}, "data/waymo/training_and_validation/segment-11940460932056521663_1760_000_1780_000_with_camera_labels.tfrecord": {"1": 42.881700000000684, "2": 17.512799999999615, "4": 0.5487999999999559}, "data/waymo/training_and_validation/segment-10596949720463106554_1933_530_1953_530_with_camera_labels.tfrecord": {"1": 11.809499999999547, "2": 0.0, "4": 0.40009999999997226}, "data/waymo/training_and_validation/segment-10599748131695282446_1380_000_1400_000_with_camera_labels.tfrecord": {"1": 13.906000000000873, "2": 14.486299999999275, "4": 0.0}, "data/waymo/training_and_validation/segment-1172406780360799916_1660_000_1680_000_with_camera_labels.tfrecord": {"1": 11.852200000000042, "2": 1.1463999999999033, "4": 0.0}, "data/waymo/training_and_validation/segment-10444454289801298640_4360_000_4380_000_with_camera_labels.tfrecord": {"1": 25.537199999999388, "2": 13.70620000000052, "4": 0.4460999999999672}, "data/waymo/training_and_validation/segment-10750135302241325253_180_000_200_000_with_camera_labels.tfrecord": {"1": 13.300800000000136, "2": 0.7532999999999421, "4": 0.39849999999998476}, "data/waymo/training_and_validation/segment-10584247114982259878_490_000_510_000_with_camera_labels.tfrecord": {"1": 5.855399999999893, "2": 0.0, "4": 0.0}, "data/waymo/training_and_validation/segment-10455472356147194054_1560_000_1580_000_with_camera_labels.tfrecord": {"1": 33.30159999999742, "2": 3.5439000000000305, "4": 0.0}, "data/waymo/training_and_validation/segment-11004685739714500220_2300_000_2320_000_with_camera_labels.tfrecord": {"1": 0.5986999999999669, "2": 1.2467999999998909, "4": 0.0}, "data/waymo/training_and_validation/segment-11799592541704458019_9828_750_9848_750_with_camera_labels.tfrecord": {"1": 28.75950000000191, "2": 2.2554999999999548, "4": 0.0}, "data/waymo/training_and_validation/segment-11489533038039664633_4820_000_4840_000_with_camera_labels.tfrecord": {"1": 2.515500000000047, "2": 2.2556999999999188, "4": 0.0}, "data/waymo/training_and_validation/segment-10241508783381919015_2889_360_2909_360_with_camera_labels.tfrecord": {"1": 5.082300000000191, "2": 2.1998999999999196, "4": 0.0}, "data/waymo/training_and_validation/segment-10876852935525353526_1640_000_1660_000_with_camera_labels.tfrecord": {"1": 18.70049999999799, "2": 3.2507000000001063, "4": 0.0}, "data/waymo/training_and_validation/segment-10526338824408452410_5714_660_5734_660_with_camera_labels.tfrecord": {"1": 16.20309999999829, "2": 0.6048000000000041, "4": 0.0}, "data/waymo/training_and_validation/segment-10094743350625019937_3420_000_3440_000_with_camera_labels.tfrecord": {"1": 28.902200000001702, "2": 0.0, "4": 0.0}, "data/waymo/training_and_validation/segment-11355519273066561009_5323_000_5343_000_with_camera_labels.tfrecord": {"1": 11.70700000000051, "2": 0.0, "4": 0.0},